slug,name,country,loc,query_used,query_level,source,image_url,width,height,photographer_name,photographer_url,license,license_url,source_page_url,openverse_page_url
international-banana-festival,International Banana Festival,United States,"Fulton, Kentucky",Banana Festival,1,openverse,https://live.staticflickr.com/5222/5672817758_0ecff0c272_b.jpg,696,1024,Gareth1953 All Right Now,https://www.flickr.com/photos/40837632@N05,BY 2.0,https://creativecommons.org/licenses/by/2.0/,https://www.flickr.com/photos/40837632@N05/5672817758,https://openverse.org/image/06c3816e-a6f0-4ded-93d9-3b9f0b46a9ce
ohio-pawpaw-festival,Ohio Pawpaw Festival,United States,"Albany, Ohio",pawpaw fruit,1,openverse,https://live.staticflickr.com/8616/16071710580_3451baaf30_b.jpg,1024,768,Wendell Smith,https://www.flickr.com/photos/95661536@N05,BY 2.0,https://creativecommons.org/licenses/by/2.0/,https://www.flickr.com/photos/95661536@N05/16071710580,https://openverse.org/image/ab8c7356-38f4-43bd-8da3-e9278f3ad922
festival-nacional-de-gastronomia,Festival Nacional de Gastronomia,Portugal,Santarém,Santarém Portugal,1,openverse,https://live.staticflickr.com/2324/2387571385_7571685585_b.jpg,768,1024,Portuguese_eyes,https://www.flickr.com/photos/21446942@N00,BY-SA 2.0,https://creativecommons.org/licenses/by-sa/2.0/,https://www.flickr.com/photos/21446942@N00/2387571385,https://openverse.org/image/2265c04b-6fae-4eb3-9ffa-f42e94f039d2
istrian-truffle-days,Istrian Truffle Days,Croatia,"Livade, Istria",Istria truffle,1,openverse,https://live.staticflickr.com/2488/3792528451_6f80365fc2_b.jpg,1024,768,heatheronhertravels,https://www.flickr.com/photos/22446827@N02,BY 2.0,https://creativecommons.org/licenses/by/2.0/,https://www.flickr.com/photos/22446827@N02/3792528451,https://openverse.org/image/4da757c0-5806-4e55-b495-7608bcb4a2e1
new-forest-food-festival,New Forest Food Festival,United Kingdom,"Hinton Admiral, Hampshire",New Forest,1,openverse,https://live.staticflickr.com/7389/16408720149_6bace8c6c2_b.jpg,1024,681,JackPeasePhotography,https://www.flickr.com/photos/76253421@N04,BY 2.0,https://creativecommons.org/licenses/by/2.0/,https://www.flickr.com/photos/76253421@N04/16408720149,https://openverse.org/image/02f78c6e-065a-4324-9571-b6cddd92fe6c
yabluchnyi-spas,Yabluchnyi Spas,Russia,Nationwide,apples honey harvest,1,pexels,https://images.pexels.com/photos/6208141/pexels-photo-6208141.jpeg?auto=compress&cs=tinysrgb&h=650&w=940,5184,3456,Vladimir  Gladkov,https://www.pexels.com/@vovkapanda,"Pexels License (free use, attribution appreciated not required)",https://www.pexels.com/license/,https://www.pexels.com/photo/plumes-apples-and-honey-in-jar-6208141/,
international-deruny-festival,International Deruny Festival,Ukraine,Korosten,draniki,1,openverse,https://live.staticflickr.com/5564/14796038876_0b705f1c37_b.jpg,1024,1024,Sergey Galyonkin,https://www.flickr.com/photos/22974618@N00,BY-SA 2.0,https://creativecommons.org/licenses/by-sa/2.0/,https://www.flickr.com/photos/22974618@N00/14796038876,https://openverse.org/image/745da95c-e7d7-4478-a68d-3fa5486b4805
pitha-utsav,Pitha Utsav,Bangladesh,Nationwide,Bengali pitha,1,openverse,https://upload.wikimedia.org/wikipedia/commons/8/8f/Traditional_Bengali_Vapa_Pitha.jpg,4000,3000,Kryesmin,https://commons.wikimedia.org/wiki/User:Kryesmin,CC0 1.0,https://creativecommons.org/publicdomain/zero/1.0/deed.en/,https://commons.wikimedia.org/w/index.php?curid=155694178,https://openverse.org/image/031332f5-3cf4-40b6-b048-80a2167964d9
kurban-ait,Kurban Ait,Kazakhstan,Nationwide,Kazakh yurt,1,openverse,https://upload.wikimedia.org/wikipedia/commons/9/97/Kazakh_yurt.jpg,5624,3752,Ludovic Hirlimann,https://www.flickr.com/people/37007874@N00,BY-SA 2.0,https://creativecommons.org/licenses/by-sa/2.0/,https://commons.wikimedia.org/w/index.php?curid=17706060,https://openverse.org/image/c6290b50-1ac0-475c-bc1f-a5d356ef313e
